ID;Vorname;Nachname
1;Max;Muster
2;Susi;Richter
3;Anna;Schmidt
4;Tom;Hansen
5;Julia;Keller
6;David;Schulz
7;Lisa;Müller
8;Felix;Weber
9;Lena;Bauer
10;Tim;Schneider
11;Hannah;Wagner
12;Benjamin;Krause
13;Marie;Hoffmann
14;Simon;Klein
15;Melanie;Meier
16;Jan;Peters
17;Laura;Berger
18;Daniel;König
19;Sarah;Schumacher
20;Kevin;Schmitz
21;Johanna;Kraus
22;Markus;Fischer
23;Sophie;Becker
24;Peter;Schreiber
25;Carina;Huber
26;Stefan;Kramer
27;Nina;Schneider
28;Michael;Bauer
29;Anne;Schuster
30;Christian;Roth
31;Katharina;Bergmann
32;Matthias;Neumann
33;Julia;Hermann
34;Oliver;Schmidt
35;Kristina;Werner
36;Andreas;Günther
37;Lea;Kaiser
38;Thomas;Krüger
39;Laura;Böhm
40;Marco;Voigt
41;Jana;Schulz
42;Christoph;Lange
43;Nadine;Schmitt
44;Sebastian;Schmitz
45;Mareike;Baumann
46;Alexander;Herrmann
47;Lisa;Bach
48;Tobias;Schubert
49;Simone;Walter
50;André;Braun
51;Katrin;Wittmann
52;Janina;Kühn
53;Philipp;Schwartz
54;Anja;Böhme
55;Jörg;Schröder
56;Sandra;Wagner
57;Nico;Kruse
58;Vanessa;Wenzel
59;Ralf;Bauer
60;Antonia;Hartmann
61;Robert;Beyer
62;Christine;Kohl
63;Patrick;Meyer
64;Miriam;Reichert
65;Frank;Böhmer
66;Isabelle;Weiss
67;Maximilian;Schultz
68;Verena;Müller
69;Marc;Kaiser
70;Janet;Schneider
71;Marius;Fuchs
72;Anna-Lena;Bachmann
73;Timothy;Reimann
74;Carolin;Krause
75;Jens;Sauer
76;Ines;Winkler
77;Fabian;Ludwig
78;Franziska;Zimmermann
79;Maximilian;Wagner
80;Kathrin;Krämer
81;Nils;Walter
82;Vanessa;Heinrich
83;Tobias;Köhler
84;Sabine;Schreiber
85;David;Fischer
86;Celine;Schmitt
87;Simon;Meier
88;Laura;Richter
